,marca_caida,SEGMENTO,SEXO,ACTIVO,PASIVO,VOLUMEN DE NEGOCIO,RANGO_VOL,EDAD,RANGO_EDAD,CROSS_SELL O CANTIDAD DE PRODUCTOS,INGRESO_FINAL,BURO_DIC_20,BURO_ENE_21,BURO_FEB_21,MARCA TENENCIA,COLECTIVO_PRIMARIO,ACTIVO_NET,ACTIVO_MOVIL,MAR_INVERSIÃ“N_ACUM,MAR_RECURSOS_ACUM,RENTABILIDAD CLIENTE,activo_net,activo_movil,BAJO_BURO
12086,1,87000,M,,655.05,654,Menor a 1M,50.0,> 45 y <= 50 Anios,1.0,77287175326.0,773,773.0,609,,INDEPENDIENTES,,,0.0,26.25,26.25,0,0,1
12087,1,83000,F,17357337.55,11867.49,17369204,Entre 10M y 20M,64.0,> 55 y <= 64 Anios,3.0,43695870.0,816,754.0,553,,DOCENTES,,X,9265532.71,288758.31,96711717255.0,0,1,1
12088,1,84000,M,10187425.99,,10187425,Entre 10M y 20M,62.0,> 55 y <= 64 Anios,1.0,6644000.0,656,505.0,505,,OTROS,,,718888.2,0.0,718888.2,0,0,1
12089,1,85100,M,,0.0,0,Menor a 1M,58.0,> 55 y <= 64 Anios,1.0,81986458363.0,733,587.0,628,,,,,,,,0,0,1
12090,1,87000,M,,16910.64,16910,Menor a 1M,40.0,> 35 y <= 40 Anios,1.0,13402670179.0,622,568.0,557,,INDEPENDIENTES,,,0.0,677.81,677.81,0,0,1
12091,1,84000,F,9952111.18,1089466.48,11041577,Entre 10M y 20M,66.0,> 64 y <= 75 Anios,2.0,807503.0,799,799.0,577,PENSION,PENSIONADOS,,X,0.0,9246.92,-61296.08,0,1,1
12092,1,87000,F,,11966.0,11966,Menor a 1M,56.0,> 55 y <= 64 Anios,1.0,,778,778.0,682,,OTROS,,,0.0,479.62,479.62,0,0,1
12093,1,84000,M,42864781.83,0.0,42859767,Entre 20M y 50M,51.0,> 50 y <= 55 Anios,3.0,3862326.0,838,842.0,694,,DOCENTES,,,5550901.61,11789.26,57542425045.0,0,0,1
12094,1,84000,M,3773586.61,1120935.45,4894521,Entre 1M y 5M,80.0,Mayor a 75 Anios,2.0,4353679.0,895,844.0,758,PENSION,OTROS,,X,1150777.51,87974.49,1853513.82,0,1,1
12095,1,87000,M,,644.0,644,Menor a 1M,36.0,> 35 y <= 40 Anios,1.0,1282366346.0,622,622.0,507,,,,,0.0,25.8,25.8,0,0,1
12096,1,85100,F,,0.0,0,Menor a 1M,59.0,> 55 y <= 64 Anios,1.0,1782000.0,912,791.0,759,,OTROS,,,2443.52,0.0,233055.11,0,0,1
12097,1,84000,F,4425496.33,126957.66,4552452,Entre 1M y 5M,64.0,> 55 y <= 64 Anios,4.0,2253164.0,814,814.0,662,NOMINA,DOCENTES,,X,718273.43,4866.1,820226.37,0,1,1
12098,1,84000,F,5388804.57,581566.05,5970369,Entre 5M y 10M,73.0,> 64 y <= 75 Anios,4.0,1227325.0,853,735.0,673,PENSION,PENSIONADOS,,,574802.34,49802.72,7125567255.0,0,0,1
12099,1,87000,F,,6065.0,6065,Menor a 1M,57.0,> 55 y <= 64 Anios,1.0,12652588067.0,769,769.0,570,,OTROS,,,0.0,243.09,243.09,0,0,1
12100,1,85100,F,0.0,30000.0,30000,Menor a 1M,49.0,> 45 y <= 50 Anios,2.0,2067615.0,793,729.0,681,,OTROS,,,0.0,1202.46,1202.46,0,0,1
12101,1,85100,M,,6999.06,6998,Menor a 1M,64.0,> 55 y <= 64 Anios,2.0,31984677274.0,746,718.0,671,,INDEPENDIENTES,,,68135.03,258.34,68393.37,0,0,1
12102,1,87000,F,,4224.0,4224,Menor a 1M,53.0,> 50 y <= 55 Anios,1.0,1841015.0,857,876.0,733,,DOCENTES,,,0.0,169.31,169.31,0,0,1
12103,1,85100,M,,0.0,0,Menor a 1M,46.0,> 45 y <= 50 Anios,1.0,21106959926.0,671,177.0,566,,INDEPENDIENTES,,,,,,0,0,1
12104,1,87000,M,,1812.36,1812,Menor a 1M,54.0,> 50 y <= 55 Anios,1.0,5864672993.0,806,675.0,634,,INDEPENDIENTES,,,0.0,72.64,72.64,0,0,1
12105,1,87000,M,,1665.81,1665,Menor a 1M,68.0,> 64 y <= 75 Anios,1.0,28480103816.0,775,775.0,652,,,,,0.0,66.76,66.76,0,0,1
12106,1,84000,M,14589224.42,306152.26,14895376,Entre 10M y 20M,67.0,> 64 y <= 75 Anios,2.0,2611874.0,765,752.0,639,PENSION,PENSIONADOS,,,392247.6,19318.57,333917.67,0,0,1
12107,1,83000,M,123225880.97,128460.94,123354340,Entre 100M y 300M,68.0,> 64 y <= 75 Anios,3.0,1154358.0,850,729.0,692,PENSION,PENSIONADOS,,X,4355395.09,118733.99,4485382.58,0,1,1
12108,1,85100,F,,23703.07,23703,Menor a 1M,81.0,Mayor a 75 Anios,1.0,,842,748.0,748,,INDEPENDIENTES,,,0.0,950.06,950.06,0,0,1
12109,1,87000,M,,15027.52,15027,Menor a 1M,86.0,Mayor a 75 Anios,1.0,,790,639.0,694,,,,,0.0,602.34,602.34,0,0,1
12110,1,87000,M,,195.47,195,Menor a 1M,49.0,> 45 y <= 50 Anios,1.0,14331212592.0,882,882.0,788,,OTROS,,,0.0,7.83,7.83,0,0,1
12111,1,84000,M,200064840.57,1254830.79,201319669,Entre 100M y 300M,67.0,> 64 y <= 75 Anios,3.0,2836553.0,759,669.0,658,PENSION,PENSIONADOS,,,2281688.63,15792.51,2368540.14,0,0,1
12113,1,84000,F,,484394.71,484394,Menor a 1M,85.0,Mayor a 75 Anios,1.0,1639485.0,825,739.0,701,PENSION,PENSIONADOS,,,0.0,20591.73,88819.23,0,0,1
12114,1,87000,M,,19108.98,19108,Menor a 1M,77.0,Mayor a 75 Anios,1.0,,831,716.0,746,,,,,0.0,765.94,765.94,0,0,1
12115,1,87000,M,,8436.06,8436,Menor a 1M,41.0,> 40 y <= 45 Anios,1.0,87051515693.0,855,726.0,750,,,,,0.0,338.13,338.13,0,0,1
12116,1,84000,F,,1362703.24,1362703,Entre 1M y 5M,43.0,> 40 y <= 45 Anios,1.0,6160979.0,840,835.0,720,NOMINA,PENSIONADOS,X,X,0.0,66240.03,1098831855.0,1,1,1
12117,1,84000,F,26560560.0,20208.4,26580768,Entre 20M y 50M,73.0,> 64 y <= 75 Anios,2.0,980926.0,848,671.0,671,,OTROS,,,688165.34,8617.7,866843.79,0,0,1
12118,1,85100,F,,0.0,0,Menor a 1M,57.0,> 55 y <= 64 Anios,1.0,14396297431.0,837,660.0,677,,INDEPENDIENTES,,,,,,0,0,1
12119,1,87000,F,,30345.0,30345,Menor a 1M,63.0,> 55 y <= 64 Anios,1.0,12161977603.0,805,805.0,692,,INDEPENDIENTES,,,0.0,1216.31,1216.31,0,0,1
12120,1,84000,F,2474111.73,,2474111,Entre 1M y 5M,54.0,> 50 y <= 55 Anios,1.0,815258.0,883,765.0,765,,OTROS,,,1004187.61,0.0,1049489.61,0,0,1
12121,1,87000,F,,446.18,446,Menor a 1M,78.0,Mayor a 75 Anios,1.0,,767,652.0,628,,,,,0.0,17.88,17.88,0,0,1
12123,1,85100,F,,506.8,506,Menor a 1M,62.0,> 55 y <= 64 Anios,1.0,1332.0,818,816.0,598,,OTROS,,,0.0,1112.04,8119.04,0,0,1
12124,1,87000,M,,4398.02,4398,Menor a 1M,46.0,> 45 y <= 50 Anios,1.0,17922027094.0,733,733.0,587,,,,,0.0,176.28,176.28,0,0,1
12125,1,84000,M,1235514.4,752.95,1236266,Entre 1M y 5M,67.0,> 64 y <= 75 Anios,2.0,13575781299.0,639,507.0,538,,OTROS,,X,505858.66,30.17,565572.17,0,1,1
12126,1,82000,M,,114296061.09,114296059,Entre 100M y 300M,47.0,> 45 y <= 50 Anios,2.0,25664645501.0,767,803.0,596,,INDEPENDIENTES,,X,1138494.21,193746.11,2452707.22,0,1,1
12127,1,85100,M,,232194.68,232194,Menor a 1M,53.0,> 50 y <= 55 Anios,1.0,636764.0,818,818.0,711,NOMINA,OTROS,,X,,,,0,1,1
12130,1,85100,M,,29486.05,29486,Menor a 1M,51.0,> 50 y <= 55 Anios,1.0,5460000.0,855,729.0,758,,INDEPENDIENTES,,,0.0,1181.89,1181.89,0,0,1
12134,1,84000,M,13355701.61,0.0,13355701,Entre 10M y 20M,57.0,> 55 y <= 64 Anios,3.0,1904.0,763,724.0,549,,INDEPENDIENTES,,,1764140.59,7683.47,18484853945.0,0,0,1
12135,1,87000,M,,747.84,747,Menor a 1M,80.0,Mayor a 75 Anios,1.0,,899,899.0,805,,,,,0.0,29.99,29.99,0,0,1
12138,1,87000,F,,44139.86,44139,Menor a 1M,52.0,> 50 y <= 55 Anios,1.0,13659024.93,669,669.0,513,,INDEPENDIENTES,,,0.0,1769.21,1769.21,0,0,1
12140,1,84000,F,,124933.36,124932,Menor a 1M,71.0,> 64 y <= 75 Anios,1.0,828111.0,656,647.0,511,PENSION,PENSIONADOS,,X,0.0,64087.26,141349591.0,0,1,1
12151,1,87000,M,,20000.0,20000,Menor a 1M,46.0,> 45 y <= 50 Anios,1.0,20036752139.0,808,838.0,681,,,,,0.0,801.66,801.66,0,0,1
12152,1,84000,F,21773390.62,1679.34,21775068,Entre 20M y 50M,51.0,> 50 y <= 55 Anios,3.0,1620000.0,816,801.0,733,,INDEPENDIENTES,,,1958739.96,67.31,2458831.34,0,0,1
12153,1,87000,F,,543.84,543,Menor a 1M,59.0,> 55 y <= 64 Anios,1.0,,793,656.0,675,,OTROS,,,0.0,21.81,21.81,0,0,1
12159,1,83000,M,202794233.21,152972.01,202947203,Entre 100M y 300M,63.0,> 55 y <= 64 Anios,3.0,1161282.0,771,771.0,566,PENSION,PENSIONADOS,,X,7516151.21,705506.91,8513903011.0,0,1,1
12160,1,84000,F,16429510.61,,0,Menor a 1M,50.0,> 45 y <= 50 Anios,2.0,2852000.0,743,549.0,549,,OTROS,,X,2329543.61,0.0,2393368.86,0,1,1
12161,1,84000,F,,3258.79,3258,Menor a 1M,49.0,> 45 y <= 50 Anios,1.0,1429366.0,711,671.0,637,PENSION,PENSIONADOS,,X,0.0,639.91,202250.91,0,1,1
12162,1,85100,F,,0.0,0,Menor a 1M,40.0,> 35 y <= 40 Anios,1.0,1273200.0,833,833.0,720,,,,,0.0,0.0,0.0,0,0,1
12163,1,84000,M,38638310.31,403798.69,39042108,Entre 20M y 50M,45.0,> 40 y <= 45 Anios,2.0,13200560.0,752,752.0,634,,OTROS,,X,6106201.64,5.41,6232776.87,0,1,1
12164,1,85100,M,,22022.0,22022,Menor a 1M,72.0,> 64 y <= 75 Anios,1.0,1277.0,846,846.0,729,,,,,0.0,4611.29,4611.29,0,0,1
12165,1,85100,F,,0.01,0,Menor a 1M,59.0,> 55 y <= 64 Anios,1.0,,771,671.0,507,,,,,0.0,0.0,0.0,0,0,1
12166,1,84000,M,,56036.6,56036,Menor a 1M,61.0,> 55 y <= 64 Anios,1.0,16115707772.0,641,641.0,572,,OTROS,,X,0.0,11411.76,28621.77,0,1,1
12167,1,85100,F,,0.0,0,Menor a 1M,49.0,> 45 y <= 50 Anios,1.0,1726.0,739,598.0,598,,OTROS,,,0.0,937.71,-18232.79,0,0,1
12168,1,85100,M,,0.0,0,Menor a 1M,67.0,> 64 y <= 75 Anios,1.0,11144002796.0,808,808.0,696,,,,,,,,0,0,1
12169,1,85100,M,,0.0,0,Menor a 1M,61.0,> 55 y <= 64 Anios,1.0,27328383481.0,872,769.0,769,,,,,,,,0,0,1
12170,1,82000,F,,3152454.75,3152454,Entre 1M y 5M,62.0,> 55 y <= 64 Anios,1.0,13784613.0,737,756.0,564,AMBOS,PENSIONADOS,X,X,0.0,42088.01,-54653245.0,1,1,1
12171,1,85100,F,,0.0,0,Menor a 1M,47.0,> 45 y <= 50 Anios,1.0,11355420215.0,596,596.0,536,,,,,,,,0,0,1
12172,1,83000,F,117110072.07,1175979.7,118286051,Entre 100M y 300M,47.0,> 45 y <= 50 Anios,2.0,3568050.0,782,619.0,581,NOMINA,FUERZAS MILITARES,X,X,9589922.8,50330.72,9761895.52,1,1,1
12173,1,85100,M,,0.0,0,Menor a 1M,69.0,> 64 y <= 75 Anios,1.0,39187247535.0,825,835.0,658,,,,,,,,0,0,1
12174,1,84000,M,21388870.05,0.0,21388870,Entre 20M y 50M,56.0,> 55 y <= 64 Anios,3.0,4095145.0,634,654.0,521,,DOCENTES,,,3053318.76,0.0,3266783.76,0,0,1
12175,1,85100,M,,10777.56,10777,Menor a 1M,61.0,> 55 y <= 64 Anios,1.0,4471130.0,733,746.0,566,,OTROS,,,0.0,431.98,431.98,0,0,1
12176,1,87000,M,,4692.0,4692,Menor a 1M,58.0,> 55 y <= 64 Anios,1.0,1188548597.0,810,697.0,697,,,,,0.0,188.04,188.04,0,0,1
12177,1,82000,M,,256094728.41,255688767,Entre 100M y 300M,87.0,Mayor a 75 Anios,2.0,,906,855.0,795,,OTROS,,,0.0,362133.37,494473.37,0,0,1
12178,1,85100,M,,0.0,0,Menor a 1M,69.0,> 64 y <= 75 Anios,1.0,11291958409.0,818,709.0,709,,,,,,,,0,0,1
12179,1,84000,M,0.0,514695.44,514693,Menor a 1M,64.0,> 55 y <= 64 Anios,3.0,4364800.0,803,660.0,652,,INDEPENDIENTES,X,X,174117.01,597705.41,1047733.23,1,1,1
12180,1,87000,M,,27498.0,27498,Menor a 1M,52.0,> 50 y <= 55 Anios,1.0,12754392625.0,870,769.0,769,,,,,0.0,1102.19,1102.19,0,0,1
12181,1,85100,M,,43737.94,43737,Menor a 1M,69.0,> 64 y <= 75 Anios,1.0,5229160.0,895,806.0,622,,DOCENTES,,,0.0,1753.12,1753.12,0,0,1
12183,1,84000,M,2877227.3,169885.83,3047112,Entre 1M y 5M,54.0,> 50 y <= 55 Anios,2.0,1755198.0,821,788.0,666,NOMINA,PENSIONADOS,,,720465.49,13648.3,625157.79,0,0,1
12184,1,87000,M,,4323.86,4323,Menor a 1M,89.0,Mayor a 75 Anios,1.0,,899,805.0,805,,,,,0.0,173.32,173.32,0,0,1
12185,1,85100,M,,0.0,0,Menor a 1M,70.0,> 64 y <= 75 Anios,1.0,91395948936.0,733,733.0,590,,INDEPENDIENTES,,,,,,0,0,1
12186,1,84000,M,1841427.77,0.0,1841427,Entre 1M y 5M,56.0,> 55 y <= 64 Anios,2.0,2473200.0,763,737.0,675,,OTROS,,X,2619940.66,0.0,2811737.0,0,1,1
12187,1,84000,M,,11050.11,11050,Menor a 1M,72.0,> 64 y <= 75 Anios,1.0,1129708.0,731,519.0,594,PENSION,PENSIONADOS,,X,0.0,5769.9,-65873.1,0,1,1
12188,1,84000,M,8661029.03,86829.17,8747857,Entre 5M y 10M,66.0,> 64 y <= 75 Anios,3.0,2091986.0,788,752.0,703,PENSION,PENSIONADOS,,X,3786163.36,64821.4,4203070.24,0,1,1
12189,1,84000,M,,2106627.28,2106626,Entre 1M y 5M,62.0,> 55 y <= 64 Anios,1.0,1006545.0,728,739.0,566,PENSION,PENSIONADOS,,X,0.0,340.38,-8761.37,0,1,1
12190,1,87000,F,,4146.7,4146,Menor a 1M,55.0,> 50 y <= 55 Anios,1.0,3420000.0,880,820.0,744,,DOCENTES,,,0.0,166.2,166.2,0,0,1
12192,1,87000,F,,205.0,205,Menor a 1M,62.0,> 55 y <= 64 Anios,1.0,22691837038.0,893,893.0,752,,INDEPENDIENTES,,,0.0,8.21,8.21,0,0,1
12193,1,87000,M,,582.68,582,Menor a 1M,74.0,> 64 y <= 75 Anios,1.0,,853,649.0,664,,,,,0.0,23.34,23.34,0,0,1
12194,1,84000,M,,449558.3,449557,Menor a 1M,74.0,> 64 y <= 75 Anios,2.0,1500000.0,867,761.0,761,,INDEPENDIENTES,,,0.0,18542.82,18542.82,0,0,1
12195,1,87000,M,,246.0,246,Menor a 1M,61.0,> 55 y <= 64 Anios,1.0,13902041742.0,803,814.0,701,,,,,0.0,9.86,9.86,0,0,1
12196,1,87000,M,,23589.0,23589,Menor a 1M,57.0,> 55 y <= 64 Anios,1.0,16034326575.0,769,669.0,669,,INDEPENDIENTES,,,0.0,945.5,945.5,0,0,1
12197,1,87000,F,,7.0,7,Menor a 1M,60.0,> 55 y <= 64 Anios,1.0,7105442.0,818,827.0,681,,EMPLEADOS PUBLICOS,,,0.0,0.29,0.29,0,0,1
12198,1,87000,F,,10000.0,10000,Menor a 1M,50.0,> 45 y <= 50 Anios,1.0,17993338123.0,634,643.0,534,,INDEPENDIENTES,,,0.0,400.82,400.82,0,0,1
12199,1,83000,F,102596069.06,79418.35,102675487,Entre 100M y 300M,63.0,> 55 y <= 64 Anios,3.0,5389115.0,829,829.0,739,,INDEPENDIENTES,,,2850849.34,3093.65,2853942.99,0,0,1
12200,1,83000,F,6501721.03,685618.21,7187338,Entre 5M y 10M,64.0,> 55 y <= 64 Anios,3.0,4348026.0,750,634.0,626,AMBOS,PENSIONADOS,X,X,1537079.07,41514.7,14228969355.0,1,1,1
12201,1,84000,F,22466.57,0.0,0,Menor a 1M,65.0,> 64 y <= 75 Anios,2.0,1563991.0,801,793.0,617,,INDEPENDIENTES,,X,1006091.49,5155.12,1069583.15,0,1,1
12202,1,87000,F,,1646.0,1646,Menor a 1M,64.0,> 55 y <= 64 Anios,1.0,11334262797.0,748,748.0,611,,,,,0.0,65.98,65.98,0,0,1
12203,1,84000,F,32918053.93,1145060.89,34063112,Entre 20M y 50M,63.0,> 55 y <= 64 Anios,3.0,663821.0,816,581.0,720,PENSION,PENSIONADOS,,X,1630870.41,9179.12,1456435.95,0,1,1
12204,1,84000,F,1443232.67,17765.24,1460997,Entre 1M y 5M,72.0,> 64 y <= 75 Anios,2.0,1708332.0,882,852.0,686,PENSION,PENSIONADOS,,,96445.59,3823.26,172030.85,0,0,1
12206,1,84000,M,16740720.27,56001.33,16796721,Entre 10M y 20M,79.0,Mayor a 75 Anios,2.0,1541373.0,885,885.0,793,NOMINA,DOCENTES,,X,1127158.96,42573.78,1265257.74,0,1,1
12207,1,84000,M,,1117840.55,1117840,Entre 1M y 5M,80.0,Mayor a 75 Anios,1.0,1581524.0,731,733.0,532,PENSION,PENSIONADOS,,,0.0,32167.94,-60582.06,0,0,1
12208,1,85100,M,,0.0,0,Menor a 1M,54.0,> 50 y <= 55 Anios,1.0,1303781792.0,765,722.0,651,,,,,,,,0,0,1
12209,1,84000,M,34143764.05,1409898.16,35552694,Entre 20M y 50M,50.0,> 45 y <= 50 Anios,3.0,2518591.0,880,769.0,746,NOMINA,EMPLEADOS PUBLICOS,,X,4899496.7,106036.13,5612843.35,0,1,1
12210,1,87000,M,,15298.0,15298,Menor a 1M,57.0,> 55 y <= 64 Anios,1.0,27099708452.0,870,870.0,767,,INDEPENDIENTES,,,0.0,613.19,613.19,0,0,1
12211,1,87000,M,,4789.0,4789,Menor a 1M,68.0,> 64 y <= 75 Anios,1.0,11313108862.0,596,596.0,532,,,,,0.0,191.97,191.97,0,0,1
12212,1,84000,M,,17941058.14,17941058,Entre 10M y 20M,52.0,> 50 y <= 55 Anios,1.0,1757239.0,699,540.0,540,NOMINA,PENSIONADOS,,,0.0,415160.21,324700.21,0,0,1
12213,1,84000,F,,32221552.46,32221552,Entre 20M y 50M,76.0,Mayor a 75 Anios,1.0,1546683.0,874,874.0,776,PENSION,PENSIONADOS,,,0.0,830881.2,800149.45,0,0,1
12214,1,87000,M,,0.4,0,Menor a 1M,60.0,> 55 y <= 64 Anios,1.0,12130549723.0,885,885.0,778,,INDEPENDIENTES,,,0.0,0.0,0.0,0,0,1
12215,1,85100,M,,0.0,0,Menor a 1M,54.0,> 50 y <= 55 Anios,1.0,1188548597.0,827,722.0,722,,INDEPENDIENTES,,,,,,0,0,1
12216,1,87000,M,,30224.36,30223,Menor a 1M,60.0,> 55 y <= 64 Anios,1.0,18635170255.0,806,632.0,714,,,,,0.0,1211.46,1211.46,0,0,1
12217,1,85100,F,,0.0,0,Menor a 1M,48.0,> 45 y <= 50 Anios,1.0,22029579903.0,876,876.0,765,,,,,,,,0,0,1
12218,1,87000,F,,2039.0,2039,Menor a 1M,43.0,> 40 y <= 45 Anios,1.0,22118766239.0,846,652.0,641,,,,,0.0,81.73,81.73,0,0,1
12219,1,85100,M,,0.0,0,Menor a 1M,45.0,> 40 y <= 45 Anios,1.0,70403109487.0,624,624.0,508,,OTROS,,,0.0,13.61,7748.61,0,0,1
12220,1,85100,M,,0.0,0,Menor a 1M,60.0,> 55 y <= 64 Anios,1.0,74318193418.0,844,844.0,758,,,,,,,,0,0,1
12221,1,87000,M,,0.24,0,Menor a 1M,49.0,> 45 y <= 50 Anios,1.0,18074725926.0,912,861.0,778,,INDEPENDIENTES,,,0.0,0.0,0.0,0,0,1
12222,1,84000,F,2579878.0,1066.47,2580944,Entre 1M y 5M,69.0,> 64 y <= 75 Anios,2.0,6450201.0,887,823.0,769,,OTROS,,X,497136.54,19744.54,849268.13,0,1,1
12223,1,83000,F,12942381.13,4606852.41,17546918,Entre 10M y 20M,61.0,> 55 y <= 64 Anios,2.0,6701995.0,912,912.0,790,NOMINA,DOCENTES,X,X,2686453.84,98611.21,2909709.05,1,1,1
12224,1,87000,M,,2872.0,2872,Menor a 1M,65.0,> 64 y <= 75 Anios,1.0,6428860983.0,641,630.0,572,,,,,0.0,115.12,115.12,0,0,1
12225,1,85100,M,,0.61,0,Menor a 1M,50.0,> 45 y <= 50 Anios,1.0,10911846366.0,835,711.0,654,,INDEPENDIENTES,,,0.0,0.0,0.0,0,0,1
12226,1,87000,M,,34572.4,34572,Menor a 1M,63.0,> 55 y <= 64 Anios,1.0,34305298706.0,838,848.0,643,,INDEPENDIENTES,,,0.0,1385.75,1385.75,0,0,1
12227,1,87000,M,,0.65,0,Menor a 1M,43.0,> 40 y <= 45 Anios,1.0,10895551577.0,718,718.0,568,,INDEPENDIENTES,,,0.0,0.0,0.0,0,0,1
12228,1,87000,F,,0.2,0,Menor a 1M,62.0,> 55 y <= 64 Anios,1.0,8683974557.0,876,790.0,744,,INDEPENDIENTES,,,0.0,0.0,0.0,0,0,1
12229,1,87000,M,,2016.0,2016,Menor a 1M,67.0,> 64 y <= 75 Anios,1.0,6157372.0,818,590.0,590,,INDEPENDIENTES,,,0.0,80.81,80.81,0,0,1
12230,1,85100,M,,0.35,0,Menor a 1M,46.0,> 45 y <= 50 Anios,1.0,11758072139.0,632,632.0,508,,INDEPENDIENTES,,,0.0,0.0,0.0,0,0,1
12231,1,85100,F,,58583.8,58583,Menor a 1M,71.0,> 64 y <= 75 Anios,1.0,25526989634.0,887,801.0,795,,INDEPENDIENTES,,,0.0,2348.17,2348.17,0,0,1
12232,1,87000,M,,20270.92,20270,Menor a 1M,45.0,> 40 y <= 45 Anios,1.0,,874,825.0,733,,OTROS,,,0.0,812.48,812.48,0,0,1
12233,1,87000,M,,9490.0,9490,Menor a 1M,43.0,> 40 y <= 45 Anios,1.0,10932934045.0,718,602.0,602,,DOCENTES,,,0.0,380.37,380.37,0,0,1
12234,1,84000,M,2238598.36,1885501.61,4124098,Entre 1M y 5M,44.0,> 40 y <= 45 Anios,3.0,2036016.0,895,746.0,632,AMBOS,FUERZAS MILITARES,X,X,123034.6,47050.97,136607.07,1,1,1
12235,1,87000,F,,11583.32,11583,Menor a 1M,49.0,> 45 y <= 50 Anios,1.0,12524426462.0,741,598.0,598,,INDEPENDIENTES,,,0.0,464.29,464.29,0,0,1
12236,1,84000,M,9571256.55,0.0,9082956,Entre 5M y 10M,48.0,> 45 y <= 50 Anios,3.0,5812149.0,771,579.0,515,,INDEPENDIENTES,,,1091567.23,1856.49,1582631.22,0,0,1
12237,1,84000,M,9784599.77,38294.04,9822892,Entre 5M y 10M,48.0,> 45 y <= 50 Anios,3.0,13603337593.0,801,767.0,613,,OTROS,,X,1213810.93,3463.89,1347444.08,0,1,1
12238,1,87000,F,,4.0,4,Menor a 1M,55.0,> 50 y <= 55 Anios,1.0,12350579608.0,803,503.0,503,,,,,0.0,0.17,0.17,0,0,1
12239,1,87000,F,,478.0,478,Menor a 1M,45.0,> 40 y <= 45 Anios,1.0,11715628635.0,769,769.0,639,,INDEPENDIENTES,,,0.0,19.16,19.16,0,0,1
12240,1,87000,M,,30246.06,30246,Menor a 1M,52.0,> 50 y <= 55 Anios,1.0,28956564308.0,867,867.0,754,,INDEPENDIENTES,,,0.0,1212.34,1212.34,0,0,1
12241,1,87000,M,,0.35,0,Menor a 1M,43.0,> 40 y <= 45 Anios,1.0,11291958409.0,714,714.0,635,,INDEPENDIENTES,,,0.0,0.0,0.0,0,0,1
12242,1,87000,M,,168.0,168,Menor a 1M,49.0,> 45 y <= 50 Anios,1.0,11236677297.0,767,728.0,662,,INDEPENDIENTES,,,0.0,6.76,6.76,0,0,1
12243,1,84000,M,364459.64,69138.87,433597,Menor a 1M,82.0,Mayor a 75 Anios,2.0,1267738.0,799,801.0,714,NOMINA,DOCENTES,,,0.0,3218.2,-316006345.0,0,0,1
12244,1,83000,F,46197679.13,7119.04,46199783,Entre 20M y 50M,46.0,> 45 y <= 50 Anios,2.0,3529984.0,803,788.0,600,,PENSIONADOS,,,2985696.34,82648.18,30176051855.0,0,0,1
12245,1,83000,M,23707220.79,684530.69,24391750,Entre 20M y 50M,40.0,> 35 y <= 40 Anios,2.0,4336566.0,883,889.0,771,NOMINA,FUERZAS MILITARES,,X,1042892.8,43238.47,1308847.77,0,1,1
12246,1,84000,M,,68811.72,68811,Menor a 1M,42.0,> 40 y <= 45 Anios,1.0,1676750.0,848,791.0,746,NOMINA,PENSIONADOS,,X,0.0,19517.37,-37787.13,0,1,1
12247,1,87000,M,,213.0,213,Menor a 1M,67.0,> 64 y <= 75 Anios,1.0,71082596488.0,696,553.0,607,,INDEPENDIENTES,,,0.0,8.54,8.54,0,0,1
12248,1,85100,F,,0.0,0,Menor a 1M,66.0,> 64 y <= 75 Anios,1.0,,827,735.0,741,,,,,,,,0,0,1
12249,1,84000,M,39308089.95,0.0,39308088,Entre 20M y 50M,40.0,> 35 y <= 40 Anios,3.0,2046.0,803,801.0,607,,INDEPENDIENTES,,X,4659450.16,313.39,4926039.34,0,1,1
12250,1,87000,F,,665.0,665,Menor a 1M,68.0,> 64 y <= 75 Anios,1.0,83261015947.0,759,641.0,641,,INDEPENDIENTES,,,0.0,26.65,26.65,0,0,1
12251,1,87000,M,,4174.0,4174,Menor a 1M,53.0,> 50 y <= 55 Anios,1.0,1280896332.0,902,852.0,776,,,,,0.0,167.3,167.3,0,0,1
12252,1,84000,M,,3489.0,3489,Menor a 1M,68.0,> 64 y <= 75 Anios,1.0,19051936283.0,865,820.0,566,,PENSIONADOS,,,0.0,10722.74,-27393.76,0,0,1
12253,1,85100,F,,0.0,0,Menor a 1M,53.0,> 50 y <= 55 Anios,1.0,,773,607.0,613,,INDEPENDIENTES,,X,0.0,0.0,0.0,0,1,1
12254,1,85100,M,,0.0,0,Menor a 1M,50.0,> 45 y <= 50 Anios,1.0,,758,857.0,652,,,,,,,,0,0,1
12255,1,87000,F,,183.0,183,Menor a 1M,59.0,> 55 y <= 64 Anios,1.0,48540229188.0,825,658.0,688,,INDEPENDIENTES,,,0.0,7.34,7.34,0,0,1
12256,1,87000,F,,41482.0,41482,Menor a 1M,40.0,> 35 y <= 40 Anios,1.0,72511803708.0,853,853.0,739,,INDEPENDIENTES,,,0.0,1662.67,1662.67,0,0,1
12257,1,84000,F,1666981.42,681425.59,2347056,Entre 1M y 5M,57.0,> 55 y <= 64 Anios,3.0,1852822.0,788,624.0,697,NOMINA,PENSIONADOS,,X,122127.67,43622.07,197284.24,0,1,1
12258,1,87000,F,,8336.0,8336,Menor a 1M,62.0,> 55 y <= 64 Anios,1.0,,782,782.0,649,,INDEPENDIENTES,,,0.0,334.12,334.12,0,0,1
12259,1,85100,M,,0.0,0,Menor a 1M,75.0,> 64 y <= 75 Anios,1.0,1314.0,865,865.0,758,,INDEPENDIENTES,,X,,,,0,1,1
12260,1,85100,F,,2906.0,2906,Menor a 1M,54.0,> 50 y <= 55 Anios,1.0,15828651265.0,788,788.0,686,,,,,0.0,116.48,116.48,0,0,1
12261,1,87000,M,,10268.0,10268,Menor a 1M,51.0,> 50 y <= 55 Anios,1.0,12268476431.0,750,750.0,643,,INDEPENDIENTES,,,0.0,411.57,411.57,0,0,1
12262,1,87000,M,,7906.0,7906,Menor a 1M,45.0,> 40 y <= 45 Anios,1.0,11864241655.0,844,844.0,726,,OTROS,,,0.0,316.9,316.9,0,0,1
12263,1,84000,M,,160176.25,160176,Menor a 1M,63.0,> 55 y <= 64 Anios,1.0,445747.0,880,743.0,705,PENSION,PENSIONADOS,,X,0.0,20386.35,-25403.15,0,1,1
12264,1,85100,M,,0.0,0,Menor a 1M,55.0,> 50 y <= 55 Anios,1.0,,651,651.0,549,,,,,,,,0,0,1
12265,1,84000,M,19639678.71,456287.85,20094615,Entre 20M y 50M,72.0,> 64 y <= 75 Anios,3.0,1840503.0,803,639.0,669,PENSION,PENSIONADOS,,X,2527927.34,16866.59,25859277645.0,0,1,1
12266,1,84000,M,8741561.05,0.0,8741561,Entre 5M y 10M,50.0,> 45 y <= 50 Anios,2.0,11380953602.0,859,797.0,735,,INDEPENDIENTES,,,981836.27,1482.81,998789.08,0,0,1
12267,1,87000,M,,31669.96,31669,Menor a 1M,53.0,> 50 y <= 55 Anios,1.0,1334640.0,855,857.0,637,,OTROS,,,0.0,1269.42,1269.42,0,0,1
12268,1,83000,M,68904385.0,18162394.6,87066779,Entre 50M y 100M,51.0,> 50 y <= 55 Anios,3.0,9531867.0,835,805.0,512,NOMINA,OTROS,,X,764041.27,574856.45,14484253855.0,0,1,1
12269,1,87000,M,,5930.0,5930,Menor a 1M,55.0,> 50 y <= 55 Anios,1.0,1042886454.0,795,795.0,658,,OTROS,,,0.0,237.7,237.7,0,0,1
12270,1,85100,F,,54798.29,54798,Menor a 1M,76.0,Mayor a 75 Anios,1.0,439832.0,761,761.0,660,PENSION,PENSIONADOS,,X,0.0,2517.91,-56202.09,0,1,1
12271,1,83000,M,120069794.39,1154080.36,121218859,Entre 100M y 300M,40.0,> 35 y <= 40 Anios,3.0,6501316.0,889,889.0,797,,OTROS,,,4460955.95,0.0,4939691.36,0,0,1
12272,1,85100,F,,70769.89,70769,Menor a 1M,72.0,> 64 y <= 75 Anios,1.0,661530.0,605,605.0,542,PENSION,PENSIONADOS,,,0.0,3355.75,-165970845.0,0,0,1
12273,1,85100,M,,0.0,0,Menor a 1M,44.0,> 40 y <= 45 Anios,1.0,36476245482.0,771,771.0,673,,,,,,,,0,0,1
12274,1,85100,F,,0.0,0,Menor a 1M,48.0,> 45 y <= 50 Anios,1.0,1927691409.0,885,793.0,793,,,,,,,,0,0,1
12275,1,85100,M,,0.0,0,Menor a 1M,36.0,> 35 y <= 40 Anios,1.0,,605,512.0,512,,,,,,,,0,0,1
12276,1,84000,F,26361129.73,0.0,26361129,Entre 20M y 50M,67.0,> 64 y <= 75 Anios,2.0,1197813.0,818,758.0,626,,PENSIONADOS,,,3151278.03,0.0,3022271.01,0,0,1
12277,1,85100,F,,0.0,0,Menor a 1M,52.0,> 50 y <= 55 Anios,1.0,11355420215.0,806,718.0,718,,OTROS,,,0.0,131828.81,210367.81,0,0,1
12278,1,85100,F,,0.0,0,Menor a 1M,44.0,> 40 y <= 45 Anios,1.0,11249667953.0,641,512.0,512,,OTROS,,,,,,0,0,1
12279,1,87000,M,,4221.31,4221,Menor a 1M,57.0,> 55 y <= 64 Anios,1.0,3362861.0,620,532.0,509,,INDEPENDIENTES,,,0.0,169.18,169.18,0,0,1
12280,1,85100,F,,0.0,0,Menor a 1M,69.0,> 64 y <= 75 Anios,1.0,1080315046.0,782,782.0,692,,,,,,,,0,0,1
12281,1,84000,F,,93747.21,93747,Menor a 1M,65.0,> 64 y <= 75 Anios,1.0,817626.0,853,801.0,752,PENSION,PENSIONADOS,,,0.0,10125.15,-55052.35,0,0,1
12282,1,84000,M,,8991980.89,8991980,Entre 5M y 10M,69.0,> 64 y <= 75 Anios,1.0,1613422.0,790,801.0,532,PENSION,PENSIONADOS,,,0.0,164393.43,1391270955.0,0,0,1
12283,1,83000,M,954531.96,23389964.08,24344495,Entre 20M y 50M,53.0,> 50 y <= 55 Anios,2.0,13374903.0,812,806.0,575,NOMINA,EMPLEADOS PUBLICOS,,X,-15071.22,101913.85,-3029.87,0,1,1
12284,1,87000,F,,78103.63,78103,Menor a 1M,62.0,> 55 y <= 64 Anios,1.0,2171929.0,827,726.0,726,,OTROS,,,0.0,4037.52,50447.52,0,0,1
12285,1,87000,M,,2467.0,2467,Menor a 1M,51.0,> 50 y <= 55 Anios,1.0,,838,831.0,744,,OTROS,,,0.0,98.89,98.89,0,0,1
12286,1,84000,M,12863629.53,,12863629,Entre 10M y 20M,62.0,> 55 y <= 64 Anios,1.0,2180000.0,821,788.0,611,,INDEPENDIENTES,,,951430.13,0.0,951430.13,0,0,1
12287,1,85100,M,,0.0,0,Menor a 1M,67.0,> 64 y <= 75 Anios,1.0,12845063402.0,818,709.0,709,,OTROS,,,,,,0,0,1
12288,1,84000,F,2776611.71,59826.6,2836437,Entre 1M y 5M,45.0,> 40 y <= 45 Anios,2.0,1684061.0,784,759.0,703,NOMINA,OTROS,,X,0.0,4565.83,-74058.17,0,1,1
12289,1,84000,M,,52000.59,52000,Menor a 1M,48.0,> 45 y <= 50 Anios,1.0,1383700.0,833,769.0,615,NOMINA,OTROS,,X,0.0,2700.83,-62147.67,0,1,1
12290,1,84000,M,5949970.58,3929.39,5941942,Entre 5M y 10M,49.0,> 45 y <= 50 Anios,2.0,3941101.0,801,763.0,637,,OTROS,X,X,1141834.86,2300.04,1348983.03,1,1,1
12291,1,84000,F,,11081875.16,11081875,Entre 10M y 20M,48.0,> 45 y <= 50 Anios,1.0,1830.0,773,737.0,688,,INDEPENDIENTES,,,0.0,61492.75,61492.75,0,0,1
12292,1,85100,M,,0.0,0,Menor a 1M,61.0,> 55 y <= 64 Anios,1.0,1099.0,709,709.0,557,,PENSIONADOS,,X,0.0,1614.63,46784.13,0,1,1
12293,1,84000,M,,25626.79,25626,Menor a 1M,42.0,> 40 y <= 45 Anios,1.0,1298221.0,814,656.0,656,NOMINA,OTROS,,,0.0,4315.15,-34245.35,0,0,1
12294,1,82000,F,,202288822.71,202288822,Entre 100M y 300M,60.0,> 55 y <= 64 Anios,2.0,2051.0,821,788.0,713,,INDEPENDIENTES,,X,0.0,1099255.9,1174654778.0,0,1,1
12295,1,84000,F,17413678.72,105629.8,17519307,Entre 10M y 20M,75.0,> 64 y <= 75 Anios,2.0,674604.0,899,853.0,778,PENSION,PENSIONADOS,,X,952219.43,62000.84,1052557471.0,0,1,1
12296,1,84000,,1437289.0,499015.07,1935725,Entre 1M y 5M,81.0,Mayor a 75 Anios,2.0,1538384.0,713,587.0,519,PENSION,PENSIONADOS,,,45360.18,10603.74,840077545.0,0,0,1
12297,1,84000,F,,141991.5,141991,Menor a 1M,63.0,> 55 y <= 64 Anios,1.0,983870.0,883,883.0,682,PENSION,PENSIONADOS,,X,0.0,2742.26,-392045745.0,0,1,1
12298,1,85100,F,,0.0,0,Menor a 1M,67.0,> 64 y <= 75 Anios,1.0,,816,517.0,675,,,,,,,,0,0,1
12299,1,85100,,,5408.11,5408,Menor a 1M,59.0,> 55 y <= 64 Anios,1.0,,664,587.0,587,,OTROS,,,0.0,32.72,532.72,0,0,1
